X,Y,Class
10,10,Non-Landslide
15,10,Landslide
20,10,Landslide
25,10,Landslide
30,10,Landslide
35,10,Landslide
40,10,Non-Landslide
45,10,Non-Landslide
50,10,Non-Landslide
55,10,Non-Landslide
60,10,Non-Landslide
65,10,Non-Landslide
70,10,Landslide
75,10,Landslide
80,10,Landslide
85,10,Landslide
90,10,Landslide
95,10,Landslide
100,10,Non-Landslide
105,10,Landslide
110,10,Landslide
115,10,Landslide
120,10,Landslide
125,10,Landslide
130,10,Landslide
135,10,Landslide
140,10,Landslide
145,10,Landslide
150,10,Non-Landslide
155,10,Non-Landslide
160,10,Non-Landslide
165,10,Non-Landslide
170,10,Non-Landslide
175,10,Non-Landslide
180,10,Non-Landslide
185,10,Non-Landslide
190,10,Non-Landslide
195,10,Non-Landslide
200,10,Non-Landslide
205,10,Non-Landslide
210,10,Non-Landslide
215,10,Non-Landslide
220,10,Non-Landslide
225,10,Non-Landslide
230,10,Non-Landslide
235,10,Non-Landslide
240,10,Landslide
245,10,Non-Landslide
250,10,Non-Landslide
255,10,Non-Landslide
260,10,Landslide
265,10,Landslide
270,10,Landslide
275,10,Landslide
280,10,Landslide
285,10,Non-Landslide
290,10,Landslide
295,10,Non-Landslide
300,10,Non-Landslide
10,15,Non-Landslide
15,15,Non-Landslide
20,15,Non-Landslide
25,15,Landslide
30,15,Landslide
35,15,Non-Landslide
40,15,Non-Landslide
45,15,Non-Landslide
50,15,Non-Landslide
55,15,Non-Landslide
60,15,Non-Landslide
65,15,Non-Landslide
70,15,Non-Landslide
75,15,Landslide
80,15,Landslide
85,15,Non-Landslide
90,15,Landslide
95,15,Landslide
100,15,Non-Landslide
105,15,Landslide
110,15,Landslide
115,15,Non-Landslide
120,15,Non-Landslide
125,15,Landslide
130,15,Landslide
135,15,Landslide
140,15,Landslide
145,15,Non-Landslide
150,15,Non-Landslide
155,15,Non-Landslide
160,15,Non-Landslide
165,15,Non-Landslide
170,15,Non-Landslide
175,15,Non-Landslide
180,15,Non-Landslide
185,15,Non-Landslide
190,15,Non-Landslide
195,15,Non-Landslide
200,15,Non-Landslide
205,15,Non-Landslide
210,15,Non-Landslide
215,15,Non-Landslide
220,15,Non-Landslide
225,15,Non-Landslide
230,15,Non-Landslide
235,15,Non-Landslide
240,15,Non-Landslide
245,15,Non-Landslide
250,15,Non-Landslide
255,15,Non-Landslide
260,15,Non-Landslide
265,15,Non-Landslide
270,15,Landslide
275,15,Landslide
280,15,Landslide
285,15,Landslide
290,15,Landslide
295,15,Landslide
300,15,Non-Landslide
10,20,Non-Landslide
15,20,Non-Landslide
20,20,Landslide
25,20,Landslide
30,20,Non-Landslide
35,20,Non-Landslide
40,20,Non-Landslide
45,20,Non-Landslide
50,20,Non-Landslide
55,20,Non-Landslide
60,20,Non-Landslide
65,20,Non-Landslide
70,20,Non-Landslide
75,20,Non-Landslide
80,20,Landslide
85,20,Non-Landslide
90,20,Non-Landslide
95,20,Landslide
100,20,Landslide
105,20,Landslide
110,20,Landslide
115,20,Landslide
120,20,Landslide
125,20,Non-Landslide
130,20,Non-Landslide
135,20,Non-Landslide
140,20,Non-Landslide
145,20,Non-Landslide
150,20,Non-Landslide
155,20,Non-Landslide
160,20,Non-Landslide
165,20,Non-Landslide
170,20,Non-Landslide
175,20,Non-Landslide
180,20,Non-Landslide
185,20,Non-Landslide
190,20,Non-Landslide
195,20,Non-Landslide
200,20,Non-Landslide
205,20,Non-Landslide
210,20,Non-Landslide
215,20,Non-Landslide
220,20,Non-Landslide
225,20,Non-Landslide
230,20,Non-Landslide
235,20,Non-Landslide
240,20,Non-Landslide
245,20,Non-Landslide
250,20,Non-Landslide
255,20,Non-Landslide
260,20,Non-Landslide
265,20,Landslide
270,20,Non-Landslide
275,20,Landslide
280,20,Landslide
285,20,Landslide
290,20,Landslide
295,20,Landslide
300,20,Non-Landslide
10,25,Non-Landslide
15,25,Non-Landslide
20,25,Landslide
25,25,Non-Landslide
30,25,Landslide
35,25,Landslide
40,25,Non-Landslide
45,25,Non-Landslide
50,25,Non-Landslide
55,25,Non-Landslide
60,25,Non-Landslide
65,25,Non-Landslide
70,25,Non-Landslide
75,25,Non-Landslide
80,25,Landslide
85,25,Landslide
90,25,Landslide
95,25,Landslide
100,25,Landslide
105,25,Landslide
110,25,Non-Landslide
115,25,Landslide
120,25,Landslide
125,25,Landslide
130,25,Non-Landslide
135,25,Landslide
140,25,Non-Landslide
145,25,Non-Landslide
150,25,Non-Landslide
155,25,Non-Landslide
160,25,Non-Landslide
165,25,Non-Landslide
170,25,Non-Landslide
175,25,Non-Landslide
180,25,Non-Landslide
185,25,Non-Landslide
190,25,Non-Landslide
195,25,Non-Landslide
200,25,Non-Landslide
205,25,Non-Landslide
210,25,Non-Landslide
215,25,Non-Landslide
220,25,Non-Landslide
225,25,Non-Landslide
230,25,Non-Landslide
235,25,Non-Landslide
240,25,Non-Landslide
245,25,Non-Landslide
250,25,Non-Landslide
255,25,Non-Landslide
260,25,Non-Landslide
265,25,Non-Landslide
270,25,Landslide
275,25,Landslide
280,25,Landslide
285,25,Landslide
290,25,Landslide
295,25,Non-Landslide
300,25,Non-Landslide
10,30,Non-Landslide
15,30,Non-Landslide
20,30,Non-Landslide
25,30,Landslide
30,30,Non-Landslide
35,30,Landslide
40,30,Landslide
45,30,Landslide
50,30,Non-Landslide
55,30,Landslide
60,30,Non-Landslide
65,30,Non-Landslide
70,30,Non-Landslide
75,30,Landslide
80,30,Non-Landslide
85,30,Landslide
90,30,Landslide
95,30,Landslide
100,30,Non-Landslide
105,30,Landslide
110,30,Landslide
115,30,Landslide
120,30,Landslide
125,30,Landslide
130,30,Landslide
135,30,Landslide
140,30,Non-Landslide
145,30,Non-Landslide
150,30,Landslide
155,30,Non-Landslide
160,30,Non-Landslide
165,30,Non-Landslide
170,30,Non-Landslide
175,30,Non-Landslide
180,30,Non-Landslide
185,30,Landslide
190,30,Landslide
195,30,Landslide
200,30,Non-Landslide
205,30,Non-Landslide
210,30,Non-Landslide
215,30,Non-Landslide
220,30,Non-Landslide
225,30,Non-Landslide
230,30,Non-Landslide
235,30,Non-Landslide
240,30,Non-Landslide
245,30,Non-Landslide
250,30,Non-Landslide
255,30,Non-Landslide
260,30,Non-Landslide
265,30,Landslide
270,30,Non-Landslide
275,30,Landslide
280,30,Landslide
285,30,Landslide
290,30,Landslide
295,30,Landslide
300,30,Non-Landslide
10,35,Landslide
15,35,Landslide
20,35,Landslide
25,35,Landslide
30,35,Non-Landslide
35,35,Landslide
40,35,Landslide
45,35,Non-Landslide
50,35,Non-Landslide
55,35,Landslide
60,35,Non-Landslide
65,35,Non-Landslide
70,35,Non-Landslide
75,35,Non-Landslide
80,35,Landslide
85,35,Landslide
90,35,Landslide
95,35,Landslide
100,35,Non-Landslide
105,35,Non-Landslide
110,35,Landslide
115,35,Landslide
120,35,Landslide
125,35,Landslide
130,35,Landslide
135,35,Landslide
140,35,Non-Landslide
145,35,Landslide
150,35,Landslide
155,35,Landslide
160,35,Non-Landslide
165,35,Non-Landslide
170,35,Landslide
175,35,Non-Landslide
180,35,Non-Landslide
185,35,Landslide
190,35,Landslide
195,35,Non-Landslide
200,35,Non-Landslide
205,35,Non-Landslide
210,35,Non-Landslide
215,35,Non-Landslide
220,35,Landslide
225,35,Landslide
230,35,Non-Landslide
235,35,Non-Landslide
240,35,Non-Landslide
245,35,Non-Landslide
250,35,Non-Landslide
255,35,Non-Landslide
260,35,Non-Landslide
265,35,Landslide
270,35,Landslide
275,35,Non-Landslide
280,35,Landslide
285,35,Landslide
290,35,Landslide
295,35,Landslide
300,35,Landslide
10,40,Landslide
15,40,Landslide
20,40,Non-Landslide
25,40,Landslide
30,40,Landslide
35,40,Landslide
40,40,Landslide
45,40,Non-Landslide
50,40,Landslide
55,40,Non-Landslide
60,40,Landslide
65,40,Non-Landslide
70,40,Landslide
75,40,Landslide
80,40,Landslide
85,40,Landslide
90,40,Landslide
95,40,Landslide
100,40,Landslide
105,40,Landslide
110,40,Non-Landslide
115,40,Non-Landslide
120,40,Non-Landslide
125,40,Landslide
130,40,Non-Landslide
135,40,Non-Landslide
140,40,Non-Landslide
145,40,Landslide
150,40,Landslide
155,40,Landslide
160,40,Non-Landslide
165,40,Non-Landslide
170,40,Non-Landslide
175,40,Landslide
180,40,Landslide
185,40,Landslide
190,40,Non-Landslide
195,40,Non-Landslide
200,40,Non-Landslide
205,40,Non-Landslide
210,40,Non-Landslide
215,40,Non-Landslide
220,40,Landslide
225,40,Landslide
230,40,Non-Landslide
235,40,Non-Landslide
240,40,Non-Landslide
245,40,Non-Landslide
250,40,Non-Landslide
255,40,Non-Landslide
260,40,Non-Landslide
265,40,Non-Landslide
270,40,Landslide
275,40,Landslide
280,40,Landslide
285,40,Landslide
290,40,Landslide
295,40,Landslide
300,40,Non-Landslide
10,45,Landslide
15,45,Landslide
20,45,Landslide
25,45,Non-Landslide
30,45,Non-Landslide
35,45,Non-Landslide
40,45,Non-Landslide
45,45,Non-Landslide
50,45,Landslide
55,45,Non-Landslide
60,45,Landslide
65,45,Landslide
70,45,Landslide
75,45,Landslide
80,45,Landslide
85,45,Landslide
90,45,Landslide
95,45,Landslide
100,45,Non-Landslide
105,45,Non-Landslide
110,45,Non-Landslide
115,45,Non-Landslide
120,45,Non-Landslide
125,45,Landslide
130,45,Landslide
135,45,Landslide
140,45,Landslide
145,45,Non-Landslide
150,45,Landslide
155,45,Landslide
160,45,Non-Landslide
165,45,Non-Landslide
170,45,Non-Landslide
175,45,Non-Landslide
180,45,Non-Landslide
185,45,Non-Landslide
190,45,Non-Landslide
195,45,Non-Landslide
200,45,Non-Landslide
205,45,Non-Landslide
210,45,Non-Landslide
215,45,Non-Landslide
220,45,Landslide
225,45,Landslide
230,45,Landslide
235,45,Non-Landslide
240,45,Non-Landslide
245,45,Non-Landslide
250,45,Non-Landslide
255,45,Non-Landslide
260,45,Non-Landslide
265,45,Landslide
270,45,Landslide
275,45,Landslide
280,45,Non-Landslide
285,45,Landslide
290,45,Landslide
295,45,Landslide
300,45,Non-Landslide
10,50,Landslide
15,50,Non-Landslide
20,50,Non-Landslide
25,50,Non-Landslide
30,50,Non-Landslide
35,50,Landslide
40,50,Landslide
45,50,Landslide
50,50,Landslide
55,50,Landslide
60,50,Landslide
65,50,Landslide
70,50,Landslide
75,50,Landslide
80,50,Landslide
85,50,Landslide
90,50,Landslide
95,50,Landslide
100,50,Landslide
105,50,Non-Landslide
110,50,Non-Landslide
115,50,Non-Landslide
120,50,Landslide
125,50,Landslide
130,50,Non-Landslide
135,50,Non-Landslide
140,50,Landslide
145,50,Non-Landslide
150,50,Landslide
155,50,Landslide
160,50,Non-Landslide
165,50,Landslide
170,50,Non-Landslide
175,50,Non-Landslide
180,50,Non-Landslide
185,50,Non-Landslide
190,50,Non-Landslide
195,50,Landslide
200,50,Non-Landslide
205,50,Non-Landslide
210,50,Non-Landslide
215,50,Non-Landslide
220,50,Non-Landslide
225,50,Landslide
230,50,Landslide
235,50,Landslide
240,50,Non-Landslide
245,50,Non-Landslide
250,50,Non-Landslide
255,50,Non-Landslide
260,50,Non-Landslide
265,50,Non-Landslide
270,50,Non-Landslide
275,50,Non-Landslide
280,50,Landslide
285,50,Landslide
290,50,Landslide
295,50,Landslide
300,50,Landslide
10,55,Non-Landslide
15,55,Non-Landslide
20,55,Non-Landslide
25,55,Landslide
30,55,Landslide
35,55,Non-Landslide
40,55,Non-Landslide
45,55,Landslide
50,55,Landslide
55,55,Landslide
60,55,Non-Landslide
65,55,Landslide
70,55,Landslide
75,55,Landslide
80,55,Landslide
85,55,Landslide
90,55,Landslide
95,55,Landslide
100,55,Non-Landslide
105,55,Landslide
110,55,Non-Landslide
115,55,Landslide
120,55,Non-Landslide
125,55,Non-Landslide
130,55,Non-Landslide
135,55,Non-Landslide
140,55,Non-Landslide
145,55,Non-Landslide
150,55,Landslide
155,55,Non-Landslide
160,55,Non-Landslide
165,55,Non-Landslide
170,55,Non-Landslide
175,55,Non-Landslide
180,55,Non-Landslide
185,55,Non-Landslide
190,55,Landslide
195,55,Landslide
200,55,Non-Landslide
205,55,Non-Landslide
210,55,Non-Landslide
215,55,Non-Landslide
220,55,Non-Landslide
225,55,Landslide
230,55,Non-Landslide
235,55,Non-Landslide
240,55,Non-Landslide
245,55,Non-Landslide
250,55,Non-Landslide
255,55,Non-Landslide
260,55,Non-Landslide
265,55,Non-Landslide
270,55,Non-Landslide
275,55,Landslide
280,55,Landslide
285,55,Non-Landslide
290,55,Landslide
295,55,Landslide
300,55,Landslide
10,60,Non-Landslide
15,60,Non-Landslide
20,60,Non-Landslide
25,60,Non-Landslide
30,60,Non-Landslide
35,60,Non-Landslide
40,60,Non-Landslide
45,60,Non-Landslide
50,60,Non-Landslide
55,60,Non-Landslide
60,60,Landslide
65,60,Landslide
70,60,Landslide
75,60,Non-Landslide
80,60,Landslide
85,60,Non-Landslide
90,60,Landslide
95,60,Landslide
100,60,Landslide
105,60,Non-Landslide
110,60,Non-Landslide
115,60,Landslide
120,60,Landslide
125,60,Landslide
130,60,Non-Landslide
135,60,Non-Landslide
140,60,Non-Landslide
145,60,Non-Landslide
150,60,Non-Landslide
155,60,Non-Landslide
160,60,Non-Landslide
165,60,Non-Landslide
170,60,Non-Landslide
175,60,Non-Landslide
180,60,Landslide
185,60,Non-Landslide
190,60,Landslide
195,60,Landslide
200,60,Non-Landslide
205,60,Landslide
210,60,Landslide
215,60,Non-Landslide
220,60,Landslide
225,60,Landslide
230,60,Landslide
235,60,Non-Landslide
240,60,Non-Landslide
245,60,Non-Landslide
250,60,Non-Landslide
255,60,Non-Landslide
260,60,Non-Landslide
265,60,Non-Landslide
270,60,Non-Landslide
275,60,Non-Landslide
280,60,Landslide
285,60,Landslide
290,60,Landslide
295,60,Landslide
300,60,Landslide
10,65,Non-Landslide
15,65,Non-Landslide
20,65,Non-Landslide
25,65,Non-Landslide
30,65,Non-Landslide
35,65,Non-Landslide
40,65,Non-Landslide
45,65,Landslide
50,65,Landslide
55,65,Non-Landslide
60,65,Landslide
65,65,Landslide
70,65,Non-Landslide
75,65,Non-Landslide
80,65,Landslide
85,65,Landslide
90,65,Landslide
95,65,Landslide
100,65,Landslide
105,65,Landslide
110,65,Non-Landslide
115,65,Landslide
120,65,Landslide
125,65,Non-Landslide
130,65,Landslide
135,65,Non-Landslide
140,65,Non-Landslide
145,65,Non-Landslide
150,65,Non-Landslide
155,65,Non-Landslide
160,65,Non-Landslide
165,65,Non-Landslide
170,65,Non-Landslide
175,65,Landslide
180,65,Landslide
185,65,Non-Landslide
190,65,Landslide
195,65,Landslide
200,65,Non-Landslide
205,65,Landslide
210,65,Landslide
215,65,Landslide
220,65,Landslide
225,65,Non-Landslide
230,65,Non-Landslide
235,65,Non-Landslide
240,65,Non-Landslide
245,65,Non-Landslide
250,65,Non-Landslide
255,65,Non-Landslide
260,65,Non-Landslide
265,65,Non-Landslide
270,65,Non-Landslide
275,65,Non-Landslide
280,65,Non-Landslide
285,65,Non-Landslide
290,65,Landslide
295,65,Landslide
300,65,Landslide
10,70,Non-Landslide
15,70,Non-Landslide
20,70,Non-Landslide
25,70,Non-Landslide
30,70,Non-Landslide
35,70,Non-Landslide
40,70,Non-Landslide
45,70,Non-Landslide
50,70,Non-Landslide
55,70,Landslide
60,70,Landslide
65,70,Landslide
70,70,Landslide
75,70,Non-Landslide
80,70,Non-Landslide
85,70,Non-Landslide
90,70,Non-Landslide
95,70,Landslide
100,70,Landslide
105,70,Landslide
110,70,Non-Landslide
115,70,Non-Landslide
120,70,Non-Landslide
125,70,Non-Landslide
130,70,Non-Landslide
135,70,Non-Landslide
140,70,Non-Landslide
145,70,Non-Landslide
150,70,Non-Landslide
155,70,Non-Landslide
160,70,Non-Landslide
165,70,Non-Landslide
170,70,Non-Landslide
175,70,Non-Landslide
180,70,Landslide
185,70,Landslide
190,70,Non-Landslide
195,70,Landslide
200,70,Landslide
205,70,Landslide
210,70,Landslide
215,70,Landslide
220,70,Landslide
225,70,Landslide
230,70,Landslide
235,70,Non-Landslide
240,70,Non-Landslide
245,70,Non-Landslide
250,70,Non-Landslide
255,70,Non-Landslide
260,70,Non-Landslide
265,70,Non-Landslide
270,70,Non-Landslide
275,70,Non-Landslide
280,70,Non-Landslide
285,70,Non-Landslide
290,70,Non-Landslide
295,70,Non-Landslide
300,70,Landslide
10,75,Non-Landslide
15,75,Non-Landslide
20,75,Non-Landslide
25,75,Non-Landslide
30,75,Non-Landslide
35,75,Non-Landslide
40,75,Non-Landslide
45,75,Non-Landslide
50,75,Non-Landslide
55,75,Non-Landslide
60,75,Landslide
65,75,Landslide
70,75,Non-Landslide
75,75,Non-Landslide
80,75,Non-Landslide
85,75,Landslide
90,75,Landslide
95,75,Landslide
100,75,Landslide
105,75,Landslide
110,75,Landslide
115,75,Landslide
120,75,Non-Landslide
125,75,Non-Landslide
130,75,Non-Landslide
135,75,Non-Landslide
140,75,Non-Landslide
145,75,Non-Landslide
150,75,Non-Landslide
155,75,Non-Landslide
160,75,Non-Landslide
165,75,Non-Landslide
170,75,Non-Landslide
175,75,Non-Landslide
180,75,Non-Landslide
185,75,Landslide
190,75,Landslide
195,75,Landslide
200,75,Non-Landslide
205,75,Landslide
210,75,Non-Landslide
215,75,Landslide
220,75,Landslide
225,75,Landslide
230,75,Landslide
235,75,Non-Landslide
240,75,Non-Landslide
245,75,Non-Landslide
250,75,Non-Landslide
255,75,Non-Landslide
260,75,Non-Landslide
265,75,Non-Landslide
270,75,Non-Landslide
275,75,Non-Landslide
280,75,Non-Landslide
285,75,Non-Landslide
290,75,Non-Landslide
295,75,Landslide
300,75,Non-Landslide
10,80,Non-Landslide
15,80,Non-Landslide
20,80,Non-Landslide
25,80,Non-Landslide
30,80,Non-Landslide
35,80,Non-Landslide
40,80,Non-Landslide
45,80,Non-Landslide
50,80,Non-Landslide
55,80,Non-Landslide
60,80,Non-Landslide
65,80,Non-Landslide
70,80,Non-Landslide
75,80,Landslide
80,80,Landslide
85,80,Landslide
90,80,Landslide
95,80,Landslide
100,80,Landslide
105,80,Landslide
110,80,Non-Landslide
115,80,Non-Landslide
120,80,Landslide
125,80,Landslide
130,80,Landslide
135,80,Non-Landslide
140,80,Non-Landslide
145,80,Landslide
150,80,Landslide
155,80,Non-Landslide
160,80,Landslide
165,80,Landslide
170,80,Non-Landslide
175,80,Non-Landslide
180,80,Non-Landslide
185,80,Non-Landslide
190,80,Landslide
195,80,Landslide
200,80,Landslide
205,80,Landslide
210,80,Landslide
215,80,Landslide
220,80,Non-Landslide
225,80,Landslide
230,80,Non-Landslide
235,80,Non-Landslide
240,80,Non-Landslide
245,80,Non-Landslide
250,80,Non-Landslide
255,80,Non-Landslide
260,80,Non-Landslide
265,80,Non-Landslide
270,80,Non-Landslide
275,80,Non-Landslide
280,80,Non-Landslide
285,80,Non-Landslide
290,80,Non-Landslide
295,80,Landslide
300,80,Landslide
10,85,Non-Landslide
15,85,Non-Landslide
20,85,Non-Landslide
25,85,Non-Landslide
30,85,Non-Landslide
35,85,Non-Landslide
40,85,Non-Landslide
45,85,Non-Landslide
50,85,Non-Landslide
55,85,Non-Landslide
60,85,Non-Landslide
65,85,Non-Landslide
70,85,Landslide
75,85,Landslide
80,85,Non-Landslide
85,85,Non-Landslide
90,85,Landslide
95,85,Non-Landslide
100,85,Landslide
105,85,Landslide
110,85,Landslide
115,85,Landslide
120,85,Landslide
125,85,Landslide
130,85,Landslide
135,85,Landslide
140,85,Landslide
145,85,Landslide
150,85,Landslide
155,85,Landslide
160,85,Landslide
165,85,Landslide
170,85,Landslide
175,85,Non-Landslide
180,85,Non-Landslide
185,85,Landslide
190,85,Landslide
195,85,Landslide
200,85,Landslide
205,85,Landslide
210,85,Landslide
215,85,Non-Landslide
220,85,Non-Landslide
225,85,Landslide
230,85,Non-Landslide
235,85,Non-Landslide
240,85,Non-Landslide
245,85,Non-Landslide
250,85,Non-Landslide
255,85,Non-Landslide
260,85,Non-Landslide
265,85,Non-Landslide
270,85,Non-Landslide
275,85,Non-Landslide
280,85,Non-Landslide
285,85,Non-Landslide
290,85,Landslide
295,85,Landslide
300,85,Landslide
10,90,Non-Landslide
15,90,Non-Landslide
20,90,Non-Landslide
25,90,Non-Landslide
30,90,Non-Landslide
35,90,Non-Landslide
40,90,Non-Landslide
45,90,Non-Landslide
50,90,Non-Landslide
55,90,Non-Landslide
60,90,Non-Landslide
65,90,Non-Landslide
70,90,Landslide
75,90,Landslide
80,90,Landslide
85,90,Non-Landslide
90,90,Landslide
95,90,Landslide
100,90,Landslide
105,90,Landslide
110,90,Landslide
115,90,Landslide
120,90,Landslide
125,90,Landslide
130,90,Landslide
135,90,Landslide
140,90,Landslide
145,90,Landslide
150,90,Non-Landslide
155,90,Non-Landslide
160,90,Landslide
165,90,Non-Landslide
170,90,Non-Landslide
175,90,Landslide
180,90,Landslide
185,90,Landslide
190,90,Landslide
195,90,Landslide
200,90,Landslide
205,90,Non-Landslide
210,90,Landslide
215,90,Landslide
220,90,Landslide
225,90,Non-Landslide
230,90,Non-Landslide
235,90,Non-Landslide
240,90,Non-Landslide
245,90,Non-Landslide
250,90,Non-Landslide
255,90,Non-Landslide
260,90,Non-Landslide
265,90,Non-Landslide
270,90,Non-Landslide
275,90,Non-Landslide
280,90,Non-Landslide
285,90,Non-Landslide
290,90,Non-Landslide
295,90,Landslide
300,90,Landslide
10,95,Non-Landslide
15,95,Non-Landslide
20,95,Non-Landslide
25,95,Non-Landslide
30,95,Non-Landslide
35,95,Non-Landslide
40,95,Non-Landslide
45,95,Non-Landslide
50,95,Non-Landslide
55,95,Non-Landslide
60,95,Non-Landslide
65,95,Non-Landslide
70,95,Landslide
75,95,Landslide
80,95,Landslide
85,95,Landslide
90,95,Landslide
95,95,Landslide
100,95,Landslide
105,95,Landslide
110,95,Landslide
115,95,Landslide
120,95,Landslide
125,95,Landslide
130,95,Landslide
135,95,Landslide
140,95,Landslide
145,95,Non-Landslide
150,95,Non-Landslide
155,95,Non-Landslide
160,95,Non-Landslide
165,95,Non-Landslide
170,95,Landslide
175,95,Landslide
180,95,Landslide
185,95,Landslide
190,95,Landslide
195,95,Landslide
200,95,Landslide
205,95,Landslide
210,95,Non-Landslide
215,95,Non-Landslide
220,95,Non-Landslide
225,95,Non-Landslide
230,95,Non-Landslide
235,95,Non-Landslide
240,95,Non-Landslide
245,95,Non-Landslide
250,95,Landslide
255,95,Non-Landslide
260,95,Non-Landslide
265,95,Non-Landslide
270,95,Non-Landslide
275,95,Non-Landslide
280,95,Non-Landslide
285,95,Non-Landslide
290,95,Landslide
295,95,Non-Landslide
300,95,Landslide
10,100,Non-Landslide
15,100,Non-Landslide
20,100,Non-Landslide
25,100,Non-Landslide
30,100,Non-Landslide
35,100,Non-Landslide
40,100,Non-Landslide
45,100,Non-Landslide
50,100,Non-Landslide
55,100,Non-Landslide
60,100,Non-Landslide
65,100,Landslide
70,100,Landslide
75,100,Landslide
80,100,Non-Landslide
85,100,Landslide
90,100,Landslide
95,100,Non-Landslide
100,100,Landslide
105,100,Landslide
110,100,Landslide
115,100,Landslide
120,100,Landslide
125,100,Landslide
130,100,Landslide
135,100,Landslide
140,100,Non-Landslide
145,100,Landslide
150,100,Non-Landslide
155,100,Non-Landslide
160,100,Landslide
165,100,Landslide
170,100,Landslide
175,100,Landslide
180,100,Landslide
185,100,Landslide
190,100,Non-Landslide
195,100,Landslide
200,100,Landslide
205,100,Landslide
210,100,Landslide
215,100,Non-Landslide
220,100,Non-Landslide
225,100,Non-Landslide
230,100,Non-Landslide
235,100,Non-Landslide
240,100,Non-Landslide
245,100,Non-Landslide
250,100,Non-Landslide
255,100,Non-Landslide
260,100,Non-Landslide
265,100,Non-Landslide
270,100,Non-Landslide
275,100,Non-Landslide
280,100,Non-Landslide
285,100,Non-Landslide
290,100,Non-Landslide
295,100,Non-Landslide
300,100,Non-Landslide
10,105,Non-Landslide
15,105,Non-Landslide
20,105,Non-Landslide
25,105,Non-Landslide
30,105,Non-Landslide
35,105,Non-Landslide
40,105,Non-Landslide
45,105,Non-Landslide
50,105,Non-Landslide
55,105,Non-Landslide
60,105,Non-Landslide
65,105,Non-Landslide
70,105,Landslide
75,105,Landslide
80,105,Non-Landslide
85,105,Landslide
90,105,Landslide
95,105,Landslide
100,105,Landslide
105,105,Landslide
110,105,Landslide
115,105,Landslide
120,105,Landslide
125,105,Landslide
130,105,Landslide
135,105,Landslide
140,105,Landslide
145,105,Landslide
150,105,Non-Landslide
155,105,Landslide
160,105,Landslide
165,105,Landslide
170,105,Landslide
175,105,Landslide
180,105,Landslide
185,105,Non-Landslide
190,105,Landslide
195,105,Non-Landslide
200,105,Non-Landslide
205,105,Non-Landslide
210,105,Landslide
215,105,Landslide
220,105,Non-Landslide
225,105,Non-Landslide
230,105,Non-Landslide
235,105,Landslide
240,105,Non-Landslide
245,105,Non-Landslide
250,105,Non-Landslide
255,105,Non-Landslide
260,105,Non-Landslide
265,105,Non-Landslide
270,105,Non-Landslide
275,105,Non-Landslide
280,105,Non-Landslide
285,105,Non-Landslide
290,105,Non-Landslide
295,105,Non-Landslide
300,105,Non-Landslide
10,110,Non-Landslide
15,110,Non-Landslide
20,110,Non-Landslide
25,110,Non-Landslide
30,110,Non-Landslide
35,110,Non-Landslide
40,110,Non-Landslide
45,110,Non-Landslide
50,110,Non-Landslide
55,110,Non-Landslide
60,110,Non-Landslide
65,110,Non-Landslide
70,110,Landslide
75,110,Landslide
80,110,Landslide
85,110,Landslide
90,110,Landslide
95,110,Landslide
100,110,Landslide
105,110,Landslide
110,110,Landslide
115,110,Landslide
120,110,Landslide
125,110,Landslide
130,110,Landslide
135,110,Landslide
140,110,Landslide
145,110,Non-Landslide
150,110,Landslide
155,110,Landslide
160,110,Landslide
165,110,Landslide
170,110,Landslide
175,110,Landslide
180,110,Landslide
185,110,Non-Landslide
190,110,Landslide
195,110,Non-Landslide
200,110,Non-Landslide
205,110,Non-Landslide
210,110,Landslide
215,110,Landslide
220,110,Non-Landslide
225,110,Non-Landslide
230,110,Non-Landslide
235,110,Non-Landslide
240,110,Non-Landslide
245,110,Non-Landslide
250,110,Non-Landslide
255,110,Non-Landslide
260,110,Non-Landslide
265,110,Non-Landslide
270,110,Non-Landslide
275,110,Non-Landslide
280,110,Non-Landslide
285,110,Non-Landslide
290,110,Non-Landslide
295,110,Landslide
300,110,Non-Landslide
10,115,Non-Landslide
15,115,Non-Landslide
20,115,Non-Landslide
25,115,Non-Landslide
30,115,Non-Landslide
35,115,Non-Landslide
40,115,Non-Landslide
45,115,Non-Landslide
50,115,Non-Landslide
55,115,Non-Landslide
60,115,Non-Landslide
65,115,Non-Landslide
70,115,Landslide
75,115,Landslide
80,115,Landslide
85,115,Non-Landslide
90,115,Landslide
95,115,Non-Landslide
100,115,Landslide
105,115,Landslide
110,115,Landslide
115,115,Non-Landslide
120,115,Landslide
125,115,Non-Landslide
130,115,Landslide
135,115,Landslide
140,115,Landslide
145,115,Landslide
150,115,Landslide
155,115,Landslide
160,115,Non-Landslide
165,115,Landslide
170,115,Landslide
175,115,Landslide
180,115,Landslide
185,115,Landslide
190,115,Non-Landslide
195,115,Non-Landslide
200,115,Non-Landslide
205,115,Non-Landslide
210,115,Non-Landslide
215,115,Landslide
220,115,Non-Landslide
225,115,Non-Landslide
230,115,Non-Landslide
235,115,Non-Landslide
240,115,Landslide
245,115,Landslide
250,115,Non-Landslide
255,115,Non-Landslide
260,115,Non-Landslide
265,115,Non-Landslide
270,115,Non-Landslide
275,115,Non-Landslide
280,115,Non-Landslide
285,115,Non-Landslide
290,115,Non-Landslide
295,115,Non-Landslide
300,115,Non-Landslide
10,120,Non-Landslide
15,120,Non-Landslide
20,120,Non-Landslide
25,120,Non-Landslide
30,120,Non-Landslide
35,120,Non-Landslide
40,120,Non-Landslide
45,120,Non-Landslide
50,120,Non-Landslide
55,120,Non-Landslide
60,120,Non-Landslide
65,120,Non-Landslide
70,120,Landslide
75,120,Landslide
80,120,Landslide
85,120,Landslide
90,120,Landslide
95,120,Landslide
100,120,Landslide
105,120,Landslide
110,120,Landslide
115,120,Landslide
120,120,Non-Landslide
125,120,Landslide
130,120,Landslide
135,120,Landslide
140,120,Landslide
145,120,Non-Landslide
150,120,Landslide
155,120,Landslide
160,120,Landslide
165,120,Landslide
170,120,Landslide
175,120,Non-Landslide
180,120,Landslide
185,120,Landslide
190,120,Non-Landslide
195,120,Non-Landslide
200,120,Non-Landslide
205,120,Non-Landslide
210,120,Non-Landslide
215,120,Non-Landslide
220,120,Non-Landslide
225,120,Non-Landslide
230,120,Non-Landslide
235,120,Non-Landslide
240,120,Non-Landslide
245,120,Landslide
250,120,Non-Landslide
255,120,Non-Landslide
260,120,Non-Landslide
265,120,Non-Landslide
270,120,Non-Landslide
275,120,Non-Landslide
280,120,Non-Landslide
285,120,Non-Landslide
290,120,Non-Landslide
295,120,Non-Landslide
300,120,Non-Landslide
10,125,Non-Landslide
15,125,Non-Landslide
20,125,Non-Landslide
25,125,Non-Landslide
30,125,Non-Landslide
35,125,Non-Landslide
40,125,Non-Landslide
45,125,Non-Landslide
50,125,Non-Landslide
55,125,Non-Landslide
60,125,Non-Landslide
65,125,Landslide
70,125,Landslide
75,125,Landslide
80,125,Landslide
85,125,Landslide
90,125,Landslide
95,125,Landslide
100,125,Non-Landslide
105,125,Landslide
110,125,Landslide
115,125,Landslide
120,125,Landslide
125,125,Landslide
130,125,Landslide
135,125,Landslide
140,125,Landslide
145,125,Landslide
150,125,Landslide
155,125,Landslide
160,125,Landslide
165,125,Landslide
170,125,Landslide
175,125,Non-Landslide
180,125,Non-Landslide
185,125,Non-Landslide
190,125,Landslide
195,125,Non-Landslide
200,125,Non-Landslide
205,125,Non-Landslide
210,125,Landslide
215,125,Landslide
220,125,Non-Landslide
225,125,Non-Landslide
230,125,Non-Landslide
235,125,Non-Landslide
240,125,Landslide
245,125,Landslide
250,125,Landslide
255,125,Non-Landslide
260,125,Non-Landslide
265,125,Non-Landslide
270,125,Non-Landslide
275,125,Non-Landslide
280,125,Non-Landslide
285,125,Non-Landslide
290,125,Non-Landslide
295,125,Non-Landslide
300,125,Non-Landslide
10,130,Non-Landslide
15,130,Non-Landslide
20,130,Non-Landslide
25,130,Non-Landslide
30,130,Non-Landslide
35,130,Non-Landslide
40,130,Non-Landslide
45,130,Non-Landslide
50,130,Non-Landslide
55,130,Non-Landslide
60,130,Non-Landslide
65,130,Non-Landslide
70,130,Landslide
75,130,Landslide
80,130,Landslide
85,130,Landslide
90,130,Landslide
95,130,Landslide
100,130,Landslide
105,130,Landslide
110,130,Landslide
115,130,Landslide
120,130,Landslide
125,130,Landslide
130,130,Landslide
135,130,Landslide
140,130,Landslide
145,130,Landslide
150,130,Landslide
155,130,Landslide
160,130,Landslide
165,130,Landslide
170,130,Non-Landslide
175,130,Landslide
180,130,Landslide
185,130,Landslide
190,130,Non-Landslide
195,130,Non-Landslide
200,130,Non-Landslide
205,130,Non-Landslide
210,130,Landslide
215,130,Landslide
220,130,Landslide
225,130,Non-Landslide
230,130,Landslide
235,130,Landslide
240,130,Landslide
245,130,Non-Landslide
250,130,Landslide
255,130,Non-Landslide
260,130,Non-Landslide
265,130,Non-Landslide
270,130,Non-Landslide
275,130,Non-Landslide
280,130,Non-Landslide
285,130,Non-Landslide
290,130,Non-Landslide
295,130,Non-Landslide
300,130,Non-Landslide
10,135,Non-Landslide
15,135,Non-Landslide
20,135,Non-Landslide
25,135,Landslide
30,135,Non-Landslide
35,135,Non-Landslide
40,135,Non-Landslide
45,135,Non-Landslide
50,135,Non-Landslide
55,135,Non-Landslide
60,135,Non-Landslide
65,135,Non-Landslide
70,135,Landslide
75,135,Landslide
80,135,Landslide
85,135,Landslide
90,135,Landslide
95,135,Landslide
100,135,Landslide
105,135,Landslide
110,135,Landslide
115,135,Landslide
120,135,Non-Landslide
125,135,Landslide
130,135,Landslide
135,135,Landslide
140,135,Landslide
145,135,Landslide
150,135,Landslide
155,135,Landslide
160,135,Landslide
165,135,Landslide
170,135,Landslide
175,135,Landslide
180,135,Landslide
185,135,Non-Landslide
190,135,Non-Landslide
195,135,Non-Landslide
200,135,Non-Landslide
205,135,Landslide
210,135,Non-Landslide
215,135,Landslide
220,135,Landslide
225,135,Non-Landslide
230,135,Landslide
235,135,Landslide
240,135,Non-Landslide
245,135,Landslide
250,135,Landslide
255,135,Landslide
260,135,Non-Landslide
265,135,Non-Landslide
270,135,Non-Landslide
275,135,Non-Landslide
280,135,Non-Landslide
285,135,Non-Landslide
290,135,Landslide
295,135,Landslide
300,135,Landslide
10,140,Non-Landslide
15,140,Non-Landslide
20,140,Landslide
25,140,Landslide
30,140,Non-Landslide
35,140,Non-Landslide
40,140,Non-Landslide
45,140,Non-Landslide
50,140,Non-Landslide
55,140,Non-Landslide
60,140,Non-Landslide
65,140,Non-Landslide
70,140,Landslide
75,140,Landslide
80,140,Landslide
85,140,Landslide
90,140,Landslide
95,140,Landslide
100,140,Landslide
105,140,Landslide
110,140,Landslide
115,140,Landslide
120,140,Non-Landslide
125,140,Landslide
130,140,Landslide
135,140,Landslide
140,140,Landslide
145,140,Landslide
150,140,Landslide
155,140,Landslide
160,140,Landslide
165,140,Landslide
170,140,Landslide
175,140,Landslide
180,140,Landslide
185,140,Non-Landslide
190,140,Non-Landslide
195,140,Non-Landslide
200,140,Landslide
205,140,Landslide
210,140,Landslide
215,140,Landslide
220,140,Landslide
225,140,Non-Landslide
230,140,Landslide
235,140,Landslide
240,140,Landslide
245,140,Landslide
250,140,Landslide
255,140,Non-Landslide
260,140,Non-Landslide
265,140,Non-Landslide
270,140,Non-Landslide
275,140,Non-Landslide
280,140,Non-Landslide
285,140,Non-Landslide
290,140,Non-Landslide
295,140,Non-Landslide
300,140,Non-Landslide
10,145,Landslide
15,145,Landslide
20,145,Non-Landslide
25,145,Non-Landslide
30,145,Non-Landslide
35,145,Non-Landslide
40,145,Non-Landslide
45,145,Non-Landslide
50,145,Non-Landslide
55,145,Non-Landslide
60,145,Non-Landslide
65,145,Non-Landslide
70,145,Non-Landslide
75,145,Non-Landslide
80,145,Landslide
85,145,Landslide
90,145,Landslide
95,145,Landslide
100,145,Landslide
105,145,Landslide
110,145,Landslide
115,145,Landslide
120,145,Landslide
125,145,Landslide
130,145,Landslide
135,145,Landslide
140,145,Landslide
145,145,Landslide
150,145,Landslide
155,145,Non-Landslide
160,145,Landslide
165,145,Landslide
170,145,Landslide
175,145,Landslide
180,145,Non-Landslide
185,145,Non-Landslide
190,145,Non-Landslide
195,145,Landslide
200,145,Landslide
205,145,Landslide
210,145,Landslide
215,145,Landslide
220,145,Landslide
225,145,Landslide
230,145,Landslide
235,145,Landslide
240,145,Landslide
245,145,Landslide
250,145,Non-Landslide
255,145,Non-Landslide
260,145,Non-Landslide
265,145,Non-Landslide
270,145,Non-Landslide
275,145,Non-Landslide
280,145,Non-Landslide
285,145,Landslide
290,145,Landslide
295,145,Landslide
300,145,Non-Landslide
10,150,Non-Landslide
15,150,Non-Landslide
20,150,Non-Landslide
25,150,Non-Landslide
30,150,Non-Landslide
35,150,Non-Landslide
40,150,Non-Landslide
45,150,Non-Landslide
50,150,Non-Landslide
55,150,Non-Landslide
60,150,Non-Landslide
65,150,Non-Landslide
70,150,Non-Landslide
75,150,Landslide
80,150,Landslide
85,150,Landslide
90,150,Landslide
95,150,Landslide
100,150,Landslide
105,150,Landslide
110,150,Landslide
115,150,Non-Landslide
120,150,Landslide
125,150,Landslide
130,150,Non-Landslide
135,150,Landslide
140,150,Landslide
145,150,Landslide
150,150,Landslide
155,150,Landslide
160,150,Landslide
165,150,Landslide
170,150,Landslide
175,150,Landslide
180,150,Landslide
185,150,Landslide
190,150,Non-Landslide
195,150,Landslide
200,150,Landslide
205,150,Landslide
210,150,Landslide
215,150,Landslide
220,150,Landslide
225,150,Landslide
230,150,Landslide
235,150,Landslide
240,150,Landslide
245,150,Landslide
250,150,Non-Landslide
255,150,Non-Landslide
260,150,Non-Landslide
265,150,Non-Landslide
270,150,Non-Landslide
275,150,Non-Landslide
280,150,Landslide
285,150,Landslide
290,150,Landslide
295,150,Landslide
300,150,Landslide
10,155,Non-Landslide
15,155,Non-Landslide
20,155,Non-Landslide
25,155,Non-Landslide
30,155,Non-Landslide
35,155,Non-Landslide
40,155,Non-Landslide
45,155,Non-Landslide
50,155,Non-Landslide
55,155,Non-Landslide
60,155,Non-Landslide
65,155,Non-Landslide
70,155,Non-Landslide
75,155,Non-Landslide
80,155,Non-Landslide
85,155,Non-Landslide
90,155,Landslide
95,155,Landslide
100,155,Landslide
105,155,Landslide
110,155,Landslide
115,155,Landslide
120,155,Non-Landslide
125,155,Landslide
130,155,Landslide
135,155,Landslide
140,155,Landslide
145,155,Landslide
150,155,Landslide
155,155,Landslide
160,155,Landslide
165,155,Landslide
170,155,Non-Landslide
175,155,Landslide
180,155,Landslide
185,155,Landslide
190,155,Landslide
195,155,Landslide
200,155,Landslide
205,155,Landslide
210,155,Landslide
215,155,Landslide
220,155,Landslide
225,155,Landslide
230,155,Landslide
235,155,Landslide
240,155,Non-Landslide
245,155,Landslide
250,155,Non-Landslide
255,155,Non-Landslide
260,155,Non-Landslide
265,155,Non-Landslide
270,155,Non-Landslide
275,155,Landslide
280,155,Landslide
285,155,Landslide
290,155,Landslide
295,155,Landslide
300,155,Landslide
10,160,Non-Landslide
15,160,Non-Landslide
20,160,Non-Landslide
25,160,Non-Landslide
30,160,Non-Landslide
35,160,Non-Landslide
40,160,Non-Landslide
45,160,Non-Landslide
50,160,Non-Landslide
55,160,Non-Landslide
60,160,Non-Landslide
65,160,Non-Landslide
70,160,Non-Landslide
75,160,Non-Landslide
80,160,Non-Landslide
85,160,Non-Landslide
90,160,Landslide
95,160,Landslide
100,160,Landslide
105,160,Landslide
110,160,Landslide
115,160,Non-Landslide
120,160,Landslide
125,160,Landslide
130,160,Landslide
135,160,Landslide
140,160,Landslide
145,160,Landslide
150,160,Landslide
155,160,Landslide
160,160,Landslide
165,160,Landslide
170,160,Landslide
175,160,Landslide
180,160,Landslide
185,160,Landslide
190,160,Landslide
195,160,Landslide
200,160,Landslide
205,160,Landslide
210,160,Landslide
215,160,Non-Landslide
220,160,Non-Landslide
225,160,Landslide
230,160,Landslide
235,160,Landslide
240,160,Landslide
245,160,Landslide
250,160,Non-Landslide
255,160,Non-Landslide
260,160,Non-Landslide
265,160,Non-Landslide
270,160,Landslide
275,160,Landslide
280,160,Landslide
285,160,Landslide
290,160,Landslide
295,160,Landslide
300,160,Landslide
10,165,Non-Landslide
15,165,Non-Landslide
20,165,Non-Landslide
25,165,Non-Landslide
30,165,Non-Landslide
35,165,Landslide
40,165,Non-Landslide
45,165,Non-Landslide
50,165,Non-Landslide
55,165,Non-Landslide
60,165,Non-Landslide
65,165,Non-Landslide
70,165,Non-Landslide
75,165,Non-Landslide
80,165,Non-Landslide
85,165,Landslide
90,165,Landslide
95,165,Landslide
100,165,Landslide
105,165,Landslide
110,165,Landslide
115,165,Landslide
120,165,Landslide
125,165,Landslide
130,165,Landslide
135,165,Landslide
140,165,Landslide
145,165,Landslide
150,165,Landslide
155,165,Landslide
160,165,Landslide
165,165,Landslide
170,165,Landslide
175,165,Landslide
180,165,Landslide
185,165,Landslide
190,165,Landslide
195,165,Non-Landslide
200,165,Non-Landslide
205,165,Landslide
210,165,Non-Landslide
215,165,Non-Landslide
220,165,Non-Landslide
225,165,Landslide
230,165,Landslide
235,165,Landslide
240,165,Landslide
245,165,Landslide
250,165,Non-Landslide
255,165,Non-Landslide
260,165,Non-Landslide
265,165,Non-Landslide
270,165,Landslide
275,165,Landslide
280,165,Landslide
285,165,Landslide
290,165,Landslide
295,165,Landslide
300,165,Landslide
10,170,Landslide
15,170,Landslide
20,170,Non-Landslide
25,170,Non-Landslide
30,170,Non-Landslide
35,170,Landslide
40,170,Non-Landslide
45,170,Non-Landslide
50,170,Non-Landslide
55,170,Non-Landslide
60,170,Non-Landslide
65,170,Non-Landslide
70,170,Non-Landslide
75,170,Non-Landslide
80,170,Non-Landslide
85,170,Non-Landslide
90,170,Landslide
95,170,Landslide
100,170,Landslide
105,170,Landslide
110,170,Landslide
115,170,Landslide
120,170,Landslide
125,170,Landslide
130,170,Landslide
135,170,Landslide
140,170,Landslide
145,170,Landslide
150,170,Landslide
155,170,Landslide
160,170,Landslide
165,170,Landslide
170,170,Landslide
175,170,Landslide
180,170,Landslide
185,170,Landslide
190,170,Non-Landslide
195,170,Landslide
200,170,Landslide
205,170,Landslide
210,170,Landslide
215,170,Non-Landslide
220,170,Non-Landslide
225,170,Landslide
230,170,Landslide
235,170,Landslide
240,170,Landslide
245,170,Landslide
250,170,Non-Landslide
255,170,Non-Landslide
260,170,Non-Landslide
265,170,Landslide
270,170,Landslide
275,170,Landslide
280,170,Landslide
285,170,Landslide
290,170,Landslide
295,170,Landslide
300,170,Landslide
10,175,Landslide
15,175,Landslide
20,175,Landslide
25,175,Landslide
30,175,Landslide
35,175,Non-Landslide
40,175,Non-Landslide
45,175,Non-Landslide
50,175,Non-Landslide
55,175,Non-Landslide
60,175,Non-Landslide
65,175,Non-Landslide
70,175,Non-Landslide
75,175,Non-Landslide
80,175,Non-Landslide
85,175,Non-Landslide
90,175,Landslide
95,175,Landslide
100,175,Landslide
105,175,Landslide
110,175,Landslide
115,175,Landslide
120,175,Landslide
125,175,Landslide
130,175,Non-Landslide
135,175,Landslide
140,175,Landslide
145,175,Landslide
150,175,Non-Landslide
155,175,Landslide
160,175,Landslide
165,175,Non-Landslide
170,175,Landslide
175,175,Landslide
180,175,Landslide
185,175,Landslide
190,175,Landslide
195,175,Landslide
200,175,Non-Landslide
205,175,Landslide
210,175,Landslide
215,175,Non-Landslide
220,175,Landslide
225,175,Landslide
230,175,Landslide
235,175,Landslide
240,175,Landslide
245,175,Non-Landslide
250,175,Non-Landslide
255,175,Non-Landslide
260,175,Non-Landslide
265,175,Landslide
270,175,Landslide
275,175,Landslide
280,175,Landslide
285,175,Landslide
290,175,Landslide
295,175,Landslide
300,175,Landslide
10,180,Non-Landslide
15,180,Landslide
20,180,Landslide
25,180,Landslide
30,180,Non-Landslide
35,180,Non-Landslide
40,180,Non-Landslide
45,180,Non-Landslide
50,180,Non-Landslide
55,180,Non-Landslide
60,180,Non-Landslide
65,180,Non-Landslide
70,180,Non-Landslide
75,180,Non-Landslide
80,180,Non-Landslide
85,180,Non-Landslide
90,180,Non-Landslide
95,180,Non-Landslide
100,180,Landslide
105,180,Landslide
110,180,Landslide
115,180,Landslide
120,180,Landslide
125,180,Landslide
130,180,Landslide
135,180,Landslide
140,180,Landslide
145,180,Landslide
150,180,Landslide
155,180,Non-Landslide
160,180,Landslide
165,180,Landslide
170,180,Landslide
175,180,Landslide
180,180,Non-Landslide
185,180,Non-Landslide
190,180,Non-Landslide
195,180,Landslide
200,180,Landslide
205,180,Non-Landslide
210,180,Non-Landslide
215,180,Landslide
220,180,Landslide
225,180,Landslide
230,180,Non-Landslide
235,180,Landslide
240,180,Non-Landslide
245,180,Non-Landslide
250,180,Non-Landslide
255,180,Landslide
260,180,Non-Landslide
265,180,Landslide
270,180,Landslide
275,180,Landslide
280,180,Non-Landslide
285,180,Landslide
290,180,Landslide
295,180,Non-Landslide
300,180,Landslide
10,185,Landslide
15,185,Landslide
20,185,Landslide
25,185,Landslide
30,185,Landslide
35,185,Non-Landslide
40,185,Non-Landslide
45,185,Non-Landslide
50,185,Non-Landslide
55,185,Non-Landslide
60,185,Non-Landslide
65,185,Non-Landslide
70,185,Non-Landslide
75,185,Non-Landslide
80,185,Non-Landslide
85,185,Non-Landslide
90,185,Landslide
95,185,Landslide
100,185,Landslide
105,185,Landslide
110,185,Landslide
115,185,Landslide
120,185,Landslide
125,185,Landslide
130,185,Landslide
135,185,Landslide
140,185,Landslide
145,185,Landslide
150,185,Landslide
155,185,Landslide
160,185,Landslide
165,185,Landslide
170,185,Landslide
175,185,Landslide
180,185,Landslide
185,185,Landslide
190,185,Non-Landslide
195,185,Landslide
200,185,Landslide
205,185,Landslide
210,185,Landslide
215,185,Landslide
220,185,Non-Landslide
225,185,Landslide
230,185,Non-Landslide
235,185,Non-Landslide
240,185,Landslide
245,185,Landslide
250,185,Landslide
255,185,Landslide
260,185,Landslide
265,185,Landslide
270,185,Landslide
275,185,Landslide
280,185,Non-Landslide
285,185,Landslide
290,185,Landslide
295,185,Landslide
300,185,Non-Landslide
10,190,Landslide
15,190,Landslide
20,190,Landslide
25,190,Landslide
30,190,Non-Landslide
35,190,Landslide
40,190,Landslide
45,190,Landslide
50,190,Landslide
55,190,Landslide
60,190,Non-Landslide
65,190,Non-Landslide
70,190,Non-Landslide
75,190,Non-Landslide
80,190,Non-Landslide
85,190,Non-Landslide
90,190,Landslide
95,190,Landslide
100,190,Non-Landslide
105,190,Landslide
110,190,Landslide
115,190,Landslide
120,190,Landslide
125,190,Landslide
130,190,Landslide
135,190,Landslide
140,190,Landslide
145,190,Landslide
150,190,Landslide
155,190,Landslide
160,190,Non-Landslide
165,190,Landslide
170,190,Landslide
175,190,Landslide
180,190,Landslide
185,190,Non-Landslide
190,190,Landslide
195,190,Landslide
200,190,Non-Landslide
205,190,Landslide
210,190,Landslide
215,190,Landslide
220,190,Landslide
225,190,Landslide
230,190,Landslide
235,190,Landslide
240,190,Landslide
245,190,Landslide
250,190,Landslide
255,190,Landslide
260,190,Landslide
265,190,Non-Landslide
270,190,Landslide
275,190,Landslide
280,190,Landslide
285,190,Landslide
290,190,Landslide
295,190,Non-Landslide
300,190,Non-Landslide
10,195,Landslide
15,195,Landslide
20,195,Landslide
25,195,Landslide
30,195,Landslide
35,195,Landslide
40,195,Landslide
45,195,Landslide
50,195,Landslide
55,195,Landslide
60,195,Non-Landslide
65,195,Non-Landslide
70,195,Non-Landslide
75,195,Non-Landslide
80,195,Non-Landslide
85,195,Non-Landslide
90,195,Landslide
95,195,Non-Landslide
100,195,Landslide
105,195,Landslide
110,195,Landslide
115,195,Landslide
120,195,Non-Landslide
125,195,Landslide
130,195,Landslide
135,195,Landslide
140,195,Landslide
145,195,Landslide
150,195,Landslide
155,195,Landslide
160,195,Non-Landslide
165,195,Landslide
170,195,Landslide
175,195,Landslide
180,195,Landslide
185,195,Landslide
190,195,Landslide
195,195,Landslide
200,195,Landslide
205,195,Landslide
210,195,Landslide
215,195,Landslide
220,195,Landslide
225,195,Landslide
230,195,Landslide
235,195,Landslide
240,195,Landslide
245,195,Landslide
250,195,Landslide
255,195,Landslide
260,195,Landslide
265,195,Non-Landslide
270,195,Non-Landslide
275,195,Landslide
280,195,Landslide
285,195,Landslide
290,195,Landslide
295,195,Landslide
300,195,Non-Landslide
10,200,Landslide
15,200,Landslide
20,200,Landslide
25,200,Landslide
30,200,Landslide
35,200,Landslide
40,200,Landslide
45,200,Landslide
50,200,Non-Landslide
55,200,Non-Landslide
60,200,Non-Landslide
65,200,Non-Landslide
70,200,Non-Landslide
75,200,Non-Landslide
80,200,Non-Landslide
85,200,Non-Landslide
90,200,Non-Landslide
95,200,Non-Landslide
100,200,Landslide
105,200,Landslide
110,200,Landslide
115,200,Landslide
120,200,Non-Landslide
125,200,Landslide
130,200,Non-Landslide
135,200,Landslide
140,200,Landslide
145,200,Landslide
150,200,Landslide
155,200,Landslide
160,200,Landslide
165,200,Non-Landslide
170,200,Landslide
175,200,Landslide
180,200,Landslide
185,200,Landslide
190,200,Landslide
195,200,Landslide
200,200,Landslide
205,200,Landslide
210,200,Landslide
215,200,Landslide
220,200,Landslide
225,200,Landslide
230,200,Landslide
235,200,Landslide
240,200,Landslide
245,200,Landslide
250,200,Non-Landslide
255,200,Landslide
260,200,Landslide
265,200,Landslide
270,200,Landslide
275,200,Landslide
280,200,Landslide
285,200,Landslide
290,200,Non-Landslide
295,200,Non-Landslide
300,200,Landslide
10,205,Landslide
15,205,Landslide
20,205,Landslide
25,205,Landslide
30,205,Landslide
35,205,Landslide
40,205,Landslide
45,205,Landslide
50,205,Landslide
55,205,Non-Landslide
60,205,Non-Landslide
65,205,Non-Landslide
70,205,Non-Landslide
75,205,Non-Landslide
80,205,Non-Landslide
85,205,Non-Landslide
90,205,Landslide
95,205,Landslide
100,205,Landslide
105,205,Landslide
110,205,Landslide
115,205,Landslide
120,205,Landslide
125,205,Landslide
130,205,Landslide
135,205,Landslide
140,205,Landslide
145,205,Landslide
150,205,Landslide
155,205,Landslide
160,205,Non-Landslide
165,205,Landslide
170,205,Non-Landslide
175,205,Landslide
180,205,Landslide
185,205,Landslide
190,205,Landslide
195,205,Landslide
200,205,Landslide
205,205,Landslide
210,205,Landslide
215,205,Landslide
220,205,Landslide
225,205,Landslide
230,205,Landslide
235,205,Landslide
240,205,Landslide
245,205,Landslide
250,205,Landslide
255,205,Landslide
260,205,Landslide
265,205,Landslide
270,205,Landslide
275,205,Landslide
280,205,Landslide
285,205,Landslide
290,205,Landslide
295,205,Landslide
300,205,Landslide
10,210,Landslide
15,210,Landslide
20,210,Landslide
25,210,Landslide
30,210,Landslide
35,210,Landslide
40,210,Landslide
45,210,Landslide
50,210,Non-Landslide
55,210,Non-Landslide
60,210,Non-Landslide
65,210,Non-Landslide
70,210,Non-Landslide
75,210,Non-Landslide
80,210,Non-Landslide
85,210,Non-Landslide
90,210,Non-Landslide
95,210,Landslide
100,210,Landslide
105,210,Landslide
110,210,Landslide
115,210,Landslide
120,210,Landslide
125,210,Landslide
130,210,Landslide
135,210,Landslide
140,210,Landslide
145,210,Landslide
150,210,Landslide
155,210,Landslide
160,210,Landslide
165,210,Landslide
170,210,Non-Landslide
175,210,Landslide
180,210,Landslide
185,210,Landslide
190,210,Landslide
195,210,Landslide
200,210,Landslide
205,210,Landslide
210,210,Non-Landslide
215,210,Landslide
220,210,Landslide
225,210,Landslide
230,210,Landslide
235,210,Landslide
240,210,Landslide
245,210,Landslide
250,210,Landslide
255,210,Landslide
260,210,Landslide
265,210,Landslide
270,210,Landslide
275,210,Landslide
280,210,Landslide
285,210,Landslide
290,210,Non-Landslide
295,210,Landslide
300,210,Landslide
10,215,Landslide
15,215,Non-Landslide
20,215,Landslide
25,215,Landslide
30,215,Non-Landslide
35,215,Landslide
40,215,Landslide
45,215,Landslide
50,215,Landslide
55,215,Non-Landslide
60,215,Non-Landslide
65,215,Non-Landslide
70,215,Non-Landslide
75,215,Non-Landslide
80,215,Landslide
85,215,Landslide
90,215,Landslide
95,215,Landslide
100,215,Landslide
105,215,Non-Landslide
110,215,Landslide
115,215,Landslide
120,215,Landslide
125,215,Landslide
130,215,Non-Landslide
135,215,Landslide
140,215,Non-Landslide
145,215,Landslide
150,215,Landslide
155,215,Landslide
160,215,Landslide
165,215,Landslide
170,215,Landslide
175,215,Non-Landslide
180,215,Landslide
185,215,Landslide
190,215,Landslide
195,215,Landslide
200,215,Landslide
205,215,Landslide
210,215,Landslide
215,215,Landslide
220,215,Landslide
225,215,Landslide
230,215,Landslide
235,215,Landslide
240,215,Landslide
245,215,Landslide
250,215,Non-Landslide
255,215,Landslide
260,215,Landslide
265,215,Landslide
270,215,Non-Landslide
275,215,Landslide
280,215,Landslide
285,215,Landslide
290,215,Non-Landslide
295,215,Landslide
300,215,Landslide
10,220,Landslide
15,220,Landslide
20,220,Landslide
25,220,Landslide
30,220,Landslide
35,220,Landslide
40,220,Landslide
45,220,Non-Landslide
50,220,Non-Landslide
55,220,Non-Landslide
60,220,Non-Landslide
65,220,Non-Landslide
70,220,Non-Landslide
75,220,Non-Landslide
80,220,Landslide
85,220,Landslide
90,220,Landslide
95,220,Landslide
100,220,Landslide
105,220,Non-Landslide
110,220,Landslide
115,220,Landslide
120,220,Landslide
125,220,Non-Landslide
130,220,Non-Landslide
135,220,Non-Landslide
140,220,Non-Landslide
145,220,Non-Landslide
150,220,Landslide
155,220,Landslide
160,220,Landslide
165,220,Landslide
170,220,Landslide
175,220,Non-Landslide
180,220,Landslide
185,220,Landslide
190,220,Landslide
195,220,Landslide
200,220,Landslide
205,220,Landslide
210,220,Landslide
215,220,Landslide
220,220,Landslide
225,220,Landslide
230,220,Landslide
235,220,Landslide
240,220,Landslide
245,220,Non-Landslide
250,220,Landslide
255,220,Landslide
260,220,Landslide
265,220,Landslide
270,220,Landslide
275,220,Landslide
280,220,Landslide
285,220,Landslide
290,220,Landslide
295,220,Non-Landslide
300,220,Non-Landslide
10,225,Landslide
15,225,Landslide
20,225,Non-Landslide
25,225,Non-Landslide
30,225,Landslide
35,225,Landslide
40,225,Landslide
45,225,Non-Landslide
50,225,Non-Landslide
55,225,Non-Landslide
60,225,Non-Landslide
65,225,Landslide
70,225,Non-Landslide
75,225,Landslide
80,225,Landslide
85,225,Landslide
90,225,Landslide
95,225,Landslide
100,225,Landslide
105,225,Non-Landslide
110,225,Non-Landslide
115,225,Landslide
120,225,Non-Landslide
125,225,Non-Landslide
130,225,Non-Landslide
135,225,Landslide
140,225,Landslide
145,225,Landslide
150,225,Landslide
155,225,Landslide
160,225,Landslide
165,225,Landslide
170,225,Landslide
175,225,Non-Landslide
180,225,Landslide
185,225,Landslide
190,225,Landslide
195,225,Landslide
200,225,Landslide
205,225,Landslide
210,225,Landslide
215,225,Landslide
220,225,Landslide
225,225,Landslide
230,225,Landslide
235,225,Non-Landslide
240,225,Landslide
245,225,Landslide
250,225,Landslide
255,225,Landslide
260,225,Landslide
265,225,Landslide
270,225,Landslide
275,225,Landslide
280,225,Non-Landslide
285,225,Landslide
290,225,Landslide
295,225,Landslide
300,225,Landslide
10,230,Landslide
15,230,Landslide
20,230,Landslide
25,230,Non-Landslide
30,230,Landslide
35,230,Landslide
40,230,Landslide
45,230,Non-Landslide
50,230,Landslide
55,230,Landslide
60,230,Landslide
65,230,Landslide
70,230,Landslide
75,230,Landslide
80,230,Landslide
85,230,Landslide
90,230,Landslide
95,230,Landslide
100,230,Non-Landslide
105,230,Non-Landslide
110,230,Landslide
115,230,Landslide
120,230,Non-Landslide
125,230,Non-Landslide
130,230,Non-Landslide
135,230,Non-Landslide
140,230,Non-Landslide
145,230,Landslide
150,230,Landslide
155,230,Landslide
160,230,Landslide
165,230,Landslide
170,230,Non-Landslide
175,230,Landslide
180,230,Landslide
185,230,Non-Landslide
190,230,Landslide
195,230,Landslide
200,230,Landslide
205,230,Landslide
210,230,Landslide
215,230,Landslide
220,230,Landslide
225,230,Landslide
230,230,Landslide
235,230,Non-Landslide
240,230,Non-Landslide
245,230,Landslide
250,230,Landslide
255,230,Landslide
260,230,Landslide
265,230,Landslide
270,230,Non-Landslide
275,230,Landslide
280,230,Landslide
285,230,Landslide
290,230,Landslide
295,230,Non-Landslide
300,230,Non-Landslide
10,235,Landslide
15,235,Non-Landslide
20,235,Landslide
25,235,Non-Landslide
30,235,Landslide
35,235,Landslide
40,235,Non-Landslide
45,235,Non-Landslide
50,235,Non-Landslide
55,235,Landslide
60,235,Landslide
65,235,Non-Landslide
70,235,Non-Landslide
75,235,Landslide
80,235,Landslide
85,235,Landslide
90,235,Landslide
95,235,Landslide
100,235,Non-Landslide
105,235,Non-Landslide
110,235,Non-Landslide
115,235,Non-Landslide
120,235,Non-Landslide
125,235,Non-Landslide
130,235,Non-Landslide
135,235,Non-Landslide
140,235,Non-Landslide
145,235,Landslide
150,235,Non-Landslide
155,235,Non-Landslide
160,235,Landslide
165,235,Landslide
170,235,Non-Landslide
175,235,Landslide
180,235,Landslide
185,235,Landslide
190,235,Landslide
195,235,Non-Landslide
200,235,Landslide
205,235,Landslide
210,235,Landslide
215,235,Landslide
220,235,Landslide
225,235,Landslide
230,235,Landslide
235,235,Non-Landslide
240,235,Non-Landslide
245,235,Non-Landslide
250,235,Non-Landslide
255,235,Non-Landslide
260,235,Landslide
265,235,Non-Landslide
270,235,Non-Landslide
275,235,Landslide
280,235,Landslide
285,235,Landslide
290,235,Non-Landslide
295,235,Non-Landslide
300,235,Landslide
10,240,Landslide
15,240,Landslide
20,240,Non-Landslide
25,240,Landslide
30,240,Landslide
35,240,Landslide
40,240,Non-Landslide
45,240,Landslide
50,240,Landslide
55,240,Landslide
60,240,Landslide
65,240,Landslide
70,240,Landslide
75,240,Landslide
80,240,Landslide
85,240,Landslide
90,240,Landslide
95,240,Landslide
100,240,Landslide
105,240,Landslide
110,240,Non-Landslide
115,240,Non-Landslide
120,240,Non-Landslide
125,240,Landslide
130,240,Non-Landslide
135,240,Non-Landslide
140,240,Non-Landslide
145,240,Non-Landslide
150,240,Non-Landslide
155,240,Non-Landslide
160,240,Non-Landslide
165,240,Non-Landslide
170,240,Landslide
175,240,Landslide
180,240,Landslide
185,240,Non-Landslide
190,240,Landslide
195,240,Landslide
200,240,Non-Landslide
205,240,Landslide
210,240,Landslide
215,240,Landslide
220,240,Landslide
225,240,Non-Landslide
230,240,Landslide
235,240,Landslide
240,240,Landslide
245,240,Landslide
250,240,Non-Landslide
255,240,Non-Landslide
260,240,Non-Landslide
265,240,Landslide
270,240,Landslide
275,240,Landslide
280,240,Landslide
285,240,Non-Landslide
290,240,Landslide
295,240,Landslide
300,240,Landslide
10,245,Landslide
15,245,Non-Landslide
20,245,Landslide
25,245,Landslide
30,245,Landslide
35,245,Non-Landslide
40,245,Landslide
45,245,Landslide
50,245,Landslide
55,245,Landslide
60,245,Landslide
65,245,Landslide
70,245,Non-Landslide
75,245,Landslide
80,245,Non-Landslide
85,245,Non-Landslide
90,245,Landslide
95,245,Landslide
100,245,Landslide
105,245,Non-Landslide
110,245,Non-Landslide
115,245,Non-Landslide
120,245,Non-Landslide
125,245,Non-Landslide
130,245,Non-Landslide
135,245,Non-Landslide
140,245,Non-Landslide
145,245,Non-Landslide
150,245,Non-Landslide
155,245,Non-Landslide
160,245,Non-Landslide
165,245,Landslide
170,245,Landslide
175,245,Landslide
180,245,Landslide
185,245,Landslide
190,245,Landslide
195,245,Landslide
200,245,Landslide
205,245,Landslide
210,245,Landslide
215,245,Landslide
220,245,Landslide
225,245,Landslide
230,245,Landslide
235,245,Landslide
240,245,Landslide
245,245,Landslide
250,245,Landslide
255,245,Landslide
260,245,Non-Landslide
265,245,Non-Landslide
270,245,Landslide
275,245,Landslide
280,245,Non-Landslide
285,245,Non-Landslide
290,245,Landslide
295,245,Landslide
300,245,Landslide
10,250,Landslide
15,250,Non-Landslide
20,250,Landslide
25,250,Landslide
30,250,Non-Landslide
35,250,Landslide
40,250,Landslide
45,250,Landslide
50,250,Landslide
55,250,Landslide
60,250,Non-Landslide
65,250,Landslide
70,250,Landslide
75,250,Landslide
80,250,Landslide
85,250,Landslide
90,250,Landslide
95,250,Landslide
100,250,Landslide
105,250,Landslide
110,250,Non-Landslide
115,250,Non-Landslide
120,250,Non-Landslide
125,250,Non-Landslide
130,250,Non-Landslide
135,250,Landslide
140,250,Landslide
145,250,Non-Landslide
150,250,Landslide
155,250,Landslide
160,250,Landslide
165,250,Non-Landslide
170,250,Landslide
175,250,Landslide
180,250,Landslide
185,250,Landslide
190,250,Landslide
195,250,Landslide
200,250,Landslide
205,250,Landslide
210,250,Non-Landslide
215,250,Landslide
220,250,Landslide
225,250,Landslide
230,250,Landslide
235,250,Landslide
240,250,Landslide
245,250,Landslide
250,250,Landslide
255,250,Landslide
260,250,Landslide
265,250,Landslide
270,250,Landslide
275,250,Non-Landslide
280,250,Landslide
285,250,Landslide
290,250,Landslide
295,250,Landslide
300,250,Landslide
10,255,Landslide
15,255,Landslide
20,255,Landslide
25,255,Landslide
30,255,Landslide
35,255,Landslide
40,255,Non-Landslide
45,255,Non-Landslide
50,255,Landslide
55,255,Landslide
60,255,Landslide
65,255,Landslide
70,255,Landslide
75,255,Non-Landslide
80,255,Non-Landslide
85,255,Landslide
90,255,Landslide
95,255,Landslide
100,255,Landslide
105,255,Landslide
110,255,Non-Landslide
115,255,Non-Landslide
120,255,Non-Landslide
125,255,Landslide
130,255,Landslide
135,255,Non-Landslide
140,255,Landslide
145,255,Landslide
150,255,Landslide
155,255,Landslide
160,255,Landslide
165,255,Non-Landslide
170,255,Landslide
175,255,Landslide
180,255,Non-Landslide
185,255,Landslide
190,255,Landslide
195,255,Landslide
200,255,Landslide
205,255,Landslide
210,255,Non-Landslide
215,255,Landslide
220,255,Landslide
225,255,Landslide
230,255,Landslide
235,255,Landslide
240,255,Non-Landslide
245,255,Non-Landslide
250,255,Landslide
255,255,Landslide
260,255,Landslide
265,255,Landslide
270,255,Landslide
275,255,Non-Landslide
280,255,Non-Landslide
285,255,Non-Landslide
290,255,Landslide
295,255,Landslide
300,255,Non-Landslide
10,260,Landslide
15,260,Landslide
20,260,Landslide
25,260,Landslide
30,260,Landslide
35,260,Landslide
40,260,Landslide
45,260,Landslide
50,260,Landslide
55,260,Landslide
60,260,Landslide
65,260,Landslide
70,260,Landslide
75,260,Landslide
80,260,Landslide
85,260,Landslide
90,260,Landslide
95,260,Landslide
100,260,Landslide
105,260,Landslide
110,260,Landslide
115,260,Non-Landslide
120,260,Landslide
125,260,Landslide
130,260,Landslide
135,260,Landslide
140,260,Landslide
145,260,Landslide
150,260,Landslide
155,260,Non-Landslide
160,260,Landslide
165,260,Non-Landslide
170,260,Non-Landslide
175,260,Non-Landslide
180,260,Landslide
185,260,Landslide
190,260,Landslide
195,260,Landslide
200,260,Landslide
205,260,Landslide
210,260,Landslide
215,260,Landslide
220,260,Landslide
225,260,Landslide
230,260,Landslide
235,260,Non-Landslide
240,260,Non-Landslide
245,260,Non-Landslide
250,260,Non-Landslide
255,260,Landslide
260,260,Non-Landslide
265,260,Non-Landslide
270,260,Landslide
275,260,Landslide
280,260,Landslide
285,260,Landslide
290,260,Landslide
295,260,Non-Landslide
300,260,Non-Landslide
10,265,Landslide
15,265,Landslide
20,265,Landslide
25,265,Landslide
30,265,Non-Landslide
35,265,Landslide
40,265,Landslide
45,265,Landslide
50,265,Landslide
55,265,Landslide
60,265,Landslide
65,265,Landslide
70,265,Landslide
75,265,Landslide
80,265,Landslide
85,265,Landslide
90,265,Landslide
95,265,Landslide
100,265,Landslide
105,265,Landslide
110,265,Landslide
115,265,Landslide
120,265,Landslide
125,265,Landslide
130,265,Landslide
135,265,Landslide
140,265,Landslide
145,265,Landslide
150,265,Landslide
155,265,Landslide
160,265,Landslide
165,265,Non-Landslide
170,265,Landslide
175,265,Landslide
180,265,Landslide
185,265,Landslide
190,265,Landslide
195,265,Landslide
200,265,Landslide
205,265,Landslide
210,265,Landslide
215,265,Non-Landslide
220,265,Landslide
225,265,Landslide
230,265,Non-Landslide
235,265,Landslide
240,265,Landslide
245,265,Landslide
250,265,Landslide
255,265,Landslide
260,265,Landslide
265,265,Landslide
270,265,Landslide
275,265,Landslide
280,265,Landslide
285,265,Landslide
290,265,Landslide
295,265,Non-Landslide
300,265,Non-Landslide
10,270,Landslide
15,270,Landslide
20,270,Landslide
25,270,Landslide
30,270,Landslide
35,270,Landslide
40,270,Landslide
45,270,Landslide
50,270,Landslide
55,270,Landslide
60,270,Landslide
65,270,Landslide
70,270,Landslide
75,270,Landslide
80,270,Landslide
85,270,Landslide
90,270,Landslide
95,270,Landslide
100,270,Landslide
105,270,Landslide
110,270,Landslide
115,270,Landslide
120,270,Landslide
125,270,Landslide
130,270,Landslide
135,270,Landslide
140,270,Landslide
145,270,Landslide
150,270,Landslide
155,270,Landslide
160,270,Landslide
165,270,Landslide
170,270,Landslide
175,270,Landslide
180,270,Landslide
185,270,Landslide
190,270,Landslide
195,270,Landslide
200,270,Landslide
205,270,Landslide
210,270,Landslide
215,270,Non-Landslide
220,270,Landslide
225,270,Landslide
230,270,Landslide
235,270,Landslide
240,270,Landslide
245,270,Landslide
250,270,Landslide
255,270,Landslide
260,270,Landslide
265,270,Landslide
270,270,Landslide
275,270,Landslide
280,270,Landslide
285,270,Landslide
290,270,Landslide
295,270,Landslide
300,270,Non-Landslide
10,275,Landslide
15,275,Landslide
20,275,Non-Landslide
25,275,Non-Landslide
30,275,Landslide
35,275,Landslide
40,275,Landslide
45,275,Landslide
50,275,Landslide
55,275,Landslide
60,275,Landslide
65,275,Landslide
70,275,Landslide
75,275,Landslide
80,275,Landslide
85,275,Landslide
90,275,Landslide
95,275,Landslide
100,275,Landslide
105,275,Landslide
110,275,Landslide
115,275,Landslide
120,275,Landslide
125,275,Landslide
130,275,Landslide
135,275,Landslide
140,275,Landslide
145,275,Landslide
150,275,Landslide
155,275,Landslide
160,275,Landslide
165,275,Landslide
170,275,Landslide
175,275,Landslide
180,275,Landslide
185,275,Landslide
190,275,Landslide
195,275,Landslide
200,275,Landslide
205,275,Landslide
210,275,Landslide
215,275,Landslide
220,275,Landslide
225,275,Landslide
230,275,Landslide
235,275,Landslide
240,275,Landslide
245,275,Landslide
250,275,Landslide
255,275,Landslide
260,275,Non-Landslide
265,275,Non-Landslide
270,275,Landslide
275,275,Non-Landslide
280,275,Non-Landslide
285,275,Landslide
290,275,Landslide
295,275,Landslide
300,275,Non-Landslide
10,280,Landslide
15,280,Landslide
20,280,Landslide
25,280,Landslide
30,280,Landslide
35,280,Landslide
40,280,Landslide
45,280,Landslide
50,280,Landslide
55,280,Landslide
60,280,Landslide
65,280,Landslide
70,280,Landslide
75,280,Landslide
80,280,Landslide
85,280,Landslide
90,280,Landslide
95,280,Landslide
100,280,Landslide
105,280,Landslide
110,280,Landslide
115,280,Landslide
120,280,Landslide
125,280,Landslide
130,280,Non-Landslide
135,280,Landslide
140,280,Landslide
145,280,Landslide
150,280,Landslide
155,280,Landslide
160,280,Landslide
165,280,Landslide
170,280,Landslide
175,280,Landslide
180,280,Landslide
185,280,Landslide
190,280,Landslide
195,280,Landslide
200,280,Landslide
205,280,Landslide
210,280,Landslide
215,280,Landslide
220,280,Landslide
225,280,Landslide
230,280,Non-Landslide
235,280,Landslide
240,280,Landslide
245,280,Landslide
250,280,Landslide
255,280,Landslide
260,280,Non-Landslide
265,280,Landslide
270,280,Landslide
275,280,Landslide
280,280,Non-Landslide
285,280,Non-Landslide
290,280,Landslide
295,280,Non-Landslide
300,280,Non-Landslide
10,285,Landslide
15,285,Landslide
20,285,Landslide
25,285,Landslide
30,285,Landslide
35,285,Landslide
40,285,Landslide
45,285,Landslide
50,285,Landslide
55,285,Landslide
60,285,Landslide
65,285,Landslide
70,285,Landslide
75,285,Landslide
80,285,Landslide
85,285,Landslide
90,285,Landslide
95,285,Landslide
100,285,Landslide
105,285,Landslide
110,285,Landslide
115,285,Landslide
120,285,Landslide
125,285,Landslide
130,285,Landslide
135,285,Landslide
140,285,Landslide
145,285,Landslide
150,285,Landslide
155,285,Landslide
160,285,Landslide
165,285,Landslide
170,285,Landslide
175,285,Landslide
180,285,Landslide
185,285,Landslide
190,285,Landslide
195,285,Landslide
200,285,Landslide
205,285,Landslide
210,285,Landslide
215,285,Landslide
220,285,Landslide
225,285,Landslide
230,285,Non-Landslide
235,285,Non-Landslide
240,285,Landslide
245,285,Landslide
250,285,Landslide
255,285,Landslide
260,285,Landslide
265,285,Landslide
270,285,Landslide
275,285,Landslide
280,285,Landslide
285,285,Landslide
290,285,Non-Landslide
295,285,Non-Landslide
300,285,Non-Landslide
